{
  "Workflows": [
    {
      "Path": null,
      "SortBy": 0,
      "VariablesSectionElementsOrder": [],
      "ArgumentsSectionElementsOrder": null,
      "ConstantsSectionElementsOrder": [],
      "AddedNamespaces": null
    },
    {
      "Path": "Main.xaml",
      "SortBy": 0,
      "VariablesSectionElementsOrder": [
        "pdffilepath&Sequence_2",
        "invoicesfolder&Sequence_2",
        "receiptfolder&Sequence_2",
        "pdffilecontent&Sequence_2",
        "totalpages&Sequence_2",
        "pagenumber&Sequence_2",
        "extractedpagepath&Sequence_4",
        "outputfilepath&Sequence_4"
      ],
      "ArgumentsSectionElementsOrder": [],
      "ConstantsSectionElementsOrder": [],
      "AddedNamespaces": null
    }
  ]
}